<?xml version="1.0" encoding="utf-8"?>
<deploy type="" centralizedCfg="false">

	<basic describe="基本信息">
		<packType describe="包类型" options="pack:全量包;patch:补丁包">pack</packType>
		<systemType describe="系统类型">jrescloud</systemType>
		<group describe="应用默认分组(英文)">g</group>
		<appType describe="服务标识">demo-server</appType>
		<appName describe="服务别名">def示例</appName>
		<appDescribe describe="发布包说明">def示例安装包</appDescribe>
		<version describe="发布包版本">1.0.0-20190716</version>
		<packInEffect describe="影响的主包（只有补丁需要配置，填写主包的版本号）"></packInEffect>
	</basic>

	<!-- 全系统全局参数配置，参数可以包括input(输入框)、select(单选框)、password(密码框)、mselect(多选框)、
	grid(表格)、hidden(隐藏域) editor(编辑框)-->
	<globalConfig describe="系统全局配置">
		<variables describe="集群基本参数">
				<field name="user" label="运行用户" type="input"  required="true" tooltip="当前运行该项目的用户">root</field>
				<field name="workspace" label="安装目录" type="input"  tooltip="请正确设置安装路径">/opt/software/</field>
				<field name="jvm_args" label="jvm运行参数" type="input" required="true">-Xms1024m -Xmx1024m</field>
				<field name="log_level" label="日志级别" type="select" options="error:error;warn:warn;info:info;fatal:fatal;debug:debug" required="true">info</field>
				<field name="log4j2_args" label="log4j2运行参数" type="hidden" required="true">-DAsyncLogger.RingBufferSize=262144 -DAsyncLoggerConfig.RingBufferSize=262144 -Dlog4j2.AsyncQueueFullPolicy=Discard</field>
				<field name="log_pattern" label="日志样式" type="hidden" required="true">%d{yyyy-MM-dd HH:mm:ss.SSS} |-%-5level [%thread] %c [%L] -| %msg%n</field>
				<field name="file_pattern" label="日志文件样式" type="hidden" required="true">$${date:yyyy-MM}/app-%d{MM-dd-yyyy}-%i.log.gz</field>
		</variables>
	</globalConfig>

	<!-- 配置系统包含的部署集群、分片、分布式框架等 -->
	<subSystems describe="子系统集合">
		<system id="demo-def-server" mode="cluster" dependsOn="" type="jar" name="demo-def-server集群配置">
			<repository></repository>
			<services>
				<service type="ZooKeeper" matcher="single"/>
				<service type="RabbitMQ" matcher="single"/>
				<service type="Redis" matcher="single"/>
			</services>
			<scale maxSize="20" minSize="1" describe="集群规模"></scale>
			<scripts describe="集群脚本集">
				<!--以下的路径都是相对于./$workspace/tmp目录下的路径，运行时真正运行脚本的位置 -->
				<script name="beforeInstall" path="./${appType}/scripts/beforeInstall.sh" describe="预处理" />
				<script name="install" path="./${appType}/scripts/install.sh" describe="部署" />
				<script name="afterInstall" path="./${appType}/scripts/afterInstall.sh" describe="部署后置处理" />
				<script name="start" path="./${appType}/scripts/start.sh" describe="启动" />
				<script name="validateStart" path="./${appType}/scripts/validateStart.sh" describe="启动状态检测" />
				<script name="stop" path="./${appType}/scripts/stop.sh" describe="停止" />
				<script name="validateStop" path="./${appType}/scripts/validateStop.sh" describe="停止状态监测" />
				<script name="uninstall" path="./${appType}/scripts/uninstall.sh" describe="卸载" />
			</scripts>
			<variables describe="子系统参数配置">
				<field name="app_server_port" label="应用端口" type="input" required="true">9080</field>
				<field name="rpc_protocol_name" label="rpc协议" type="input" required="true">t2</field>
				<field name="rpc_protocol_port" label="rpc服务端口" type="input" required="true">12300</field>
				<field name="rpc_protocol_corethreads" label="核心处理线程数" type="input" required="true">300</field>
				<field name="rpc_protocol_threads" label="最大处理线程数" type="input" required="true">500</field>
				<field name="rpc_protocol_alive" label="处理线程空闲时长（毫秒）" type="input" required="true">60000</field>
				<field name="rpc_protocol_queues" label="处理队列长度" type="input" required="true">1000</field>
				<field name="division1" label="MQ参数配置" type="division" >
	                <field name="hs_mq_input1_destination" label="交换机" type="input" required="true">exchange.topic.test</field>
	                <field name="hs_mq_input1_group" label="队列" type="input" required="true">myqueue</field>
				</field>
				<field name="division3" label="数据源参数配置" type="division" >
					<field name="hs_datasource_default_driver" label="默认驱动" type="input" required="true">com.mysql.jdbc.Driver</field>
	                <field name="hs_datasource_default_url" label="默认URL" type="input" required="true">jdbc:mysql://192.168.88.161:3306/yebplus?useUnicode=true&amp;</field>
	                <field name="hs_datasource_default_user" label="默认用户名" type="input" required="true">root</field>
	                <field name="hs_datasource_default_password" label="默认密码" type="password" required="true">root</field>
	                <field name="hs_datasource_yebplus_driver" label="YEBPLUS驱动" type="input" required="true">com.mysql.jdbc.Driver</field>
	                <field name="hs_datasource_yebplus_url" label="YEBPLUS URL" type="input" required="true">jdbc:mysql://192.168.88.161:3306/yebplus?useUnicode=true&amp;</field>
	                <field name="hs_datasource_yebplus_user" label="YEBPLU用户名" type="input" required="true">root</field>
	                <field name="hs_datasource_yebplus_password" label="YEBPLUS密码" type="password" required="true">root</field>
				</field>
			</variables>
			<configs>
				<!--以下config主要是用于模板变量替换，template配置的路径对应的是deploy/template目录，如果没有它也会自动查找，path配置的路径对应于workspace路径 -->
				<config path="./${appType}/config/application.properties" encoding="UTF-8" template="./application.properties"/>
				<config path="./${appType}/config/middleware.properties" encoding="UTF-8" template="./middleware.properties"/>
				<config path="./${appType}/config/log4j2.xml" encoding="UTF-8" template="./log4j2.xml"/>
				<config path="./${appType}/scripts/beforeInstall.sh" encoding="UTF-8"/>
				<config path="./${appType}/scripts/install.sh" encoding="UTF-8"/>
				<config path="./${appType}/scripts/uninstall.sh" encoding="UTF-8"/>
				<config path="./${appType}/scripts/afterInstall.sh" encoding="UTF-8"/>
				<config path="./${appType}/scripts/start.sh" encoding="UTF-8"/>
				<config path="./${appType}/scripts/stop.sh" encoding="UTF-8"/>
				<config path="./${appType}/scripts/validateStart.sh" encoding="UTF-8"/>
				<config path="./${appType}/scripts/validateStop.sh" encoding="UTF-8"/>
			</configs>
			<node describe="节点私有配置信息"/>
		</system>
	</subSystems>
</deploy>